image_name,attr_valence,d0,d1,d2,d3,d4,d5,d6,d7,d8,d9,d10,d11,d12,d13,d14,d15,d16,d17,d18,d19,d20,d21,d22,d23,d24,d25,d26,d27,d28,d29,d30,d31,d32,d33,d34,d35,d36,d37,d38,d39,d40,d41,d42,d43,d44,d45,d46,d47,d48,d49,d50,d51,d52,d53,d54,d55,d56,d57,d58,d59,d60,d61,d62,d63,d64,d65,d66,d67
WM_0_-3.png,-1,"(224, 482)","(229, 558)","(241, 632)","(253, 708)","(272, 784)","(312, 851)","(368, 909)","(436, 956)","(515, 969)","(593, 957)","(658, 916)","(714, 860)","(755, 794)","(771, 715)","(783, 637)","(795, 558)","(798, 481)","(270, 443)","(307, 408)","(363, 399)","(417, 411)","(473, 430)","(548, 432)","(601, 409)","(657, 399)","(713, 408)","(752, 444)","(509, 473)","(510, 523)","(510, 573)","(510, 625)","(460, 662)","(485, 670)","(512, 678)","(537, 671)","(563, 662)","(335, 484)","(367, 466)","(403, 466)","(435, 488)","(399, 495)","(363, 495)","(586, 487)","(617, 466)","(655, 465)","(687, 484)","(656, 496)","(619, 494)","(403, 767)","(442, 749)","(479, 738)","(510, 748)","(540, 739)","(577, 751)","(617, 769)","(578, 792)","(541, 802)","(511, 805)","(478, 802)","(442, 791)","(421, 769)","(478, 765)","(510, 769)","(540, 767)","(601, 770)","(540, 766)","(511, 769)","(479, 764)"
WM_0_0.png,0,"(220, 497)","(226, 576)","(240, 651)","(254, 726)","(276, 800)","(320, 864)","(378, 919)","(443, 964)","(520, 977)","(596, 961)","(659, 915)","(714, 860)","(755, 797)","(773, 722)","(783, 647)","(796, 572)","(802, 493)","(260, 461)","(294, 415)","(353, 401)","(411, 408)","(468, 428)","(548, 430)","(604, 409)","(663, 404)","(721, 416)","(758, 459)","(510, 474)","(511, 529)","(512, 582)","(513, 639)","(453, 662)","(482, 673)","(514, 683)","(544, 673)","(573, 661)","(334, 488)","(367, 470)","(402, 471)","(434, 492)","(399, 495)","(364, 496)","(588, 492)","(620, 471)","(656, 471)","(688, 490)","(658, 496)","(623, 495)","(385, 745)","(431, 735)","(477, 729)","(514, 737)","(549, 728)","(594, 734)","(639, 743)","(597, 793)","(553, 819)","(515, 825)","(477, 821)","(430, 795)","(402, 751)","(478, 747)","(514, 751)","(551, 746)","(623, 750)","(551, 783)","(514, 789)","(477, 784)"
WM_0_3.png,1,"(222, 493)","(227, 568)","(236, 642)","(248, 717)","(272, 790)","(317, 857)","(373, 919)","(439, 970)","(518, 987)","(595, 970)","(659, 917)","(714, 855)","(758, 790)","(781, 717)","(793, 643)","(802, 569)","(807, 493)","(267, 463)","(300, 420)","(354, 403)","(410, 405)","(462, 424)","(551, 422)","(607, 406)","(663, 405)","(718, 423)","(754, 463)","(511, 480)","(512, 532)","(513, 584)","(515, 638)","(446, 657)","(479, 669)","(515, 681)","(550, 668)","(584, 655)","(337, 492)","(371, 478)","(405, 479)","(436, 496)","(403, 497)","(369, 497)","(588, 494)","(621, 477)","(655, 477)","(688, 492)","(657, 496)","(623, 496)","(362, 729)","(416, 718)","(473, 716)","(516, 725)","(558, 716)","(615, 718)","(667, 726)","(618, 796)","(562, 834)","(516, 841)","(470, 835)","(414, 799)","(378, 737)","(473, 736)","(515, 742)","(558, 736)","(650, 734)","(560, 794)","(516, 802)","(472, 795)"
WM_10_-3.png,-1,"(232, 480)","(236, 554)","(248, 626)","(262, 698)","(281, 771)","(320, 834)","(375, 888)","(440, 931)","(514, 942)","(586, 930)","(644, 886)","(691, 831)","(726, 767)","(745, 696)","(760, 624)","(774, 552)","(780, 478)","(271, 434)","(312, 401)","(368, 398)","(421, 411)","(473, 431)","(555, 434)","(605, 414)","(656, 399)","(710, 401)","(749, 435)","(516, 480)","(517, 534)","(518, 586)","(519, 641)","(466, 673)","(491, 680)","(517, 687)","(542, 680)","(566, 672)","(336, 483)","(368, 463)","(407, 465)","(439, 493)","(402, 500)","(364, 500)","(586, 492)","(616, 465)","(655, 462)","(687, 481)","(659, 498)","(622, 499)","(408, 768)","(446, 753)","(483, 741)","(512, 751)","(539, 742)","(574, 755)","(613, 770)","(576, 795)","(542, 808)","(513, 811)","(484, 807)","(446, 794)","(424, 771)","(483, 768)","(512, 772)","(540, 769)","(597, 773)","(540, 770)","(513, 774)","(485, 770)"
WM_10_0.png,0,"(224, 487)","(231, 563)","(247, 637)","(262, 710)","(284, 780)","(324, 841)","(381, 891)","(443, 928)","(517, 939)","(590, 929)","(648, 889)","(695, 837)","(729, 776)","(747, 706)","(761, 636)","(776, 564)","(781, 492)","(270, 438)","(309, 402)","(367, 395)","(421, 406)","(474, 428)","(555, 426)","(607, 405)","(659, 395)","(713, 404)","(748, 442)","(517, 477)","(519, 529)","(520, 581)","(521, 635)","(462, 667)","(490, 676)","(519, 684)","(547, 677)","(573, 667)","(334, 487)","(366, 466)","(405, 467)","(438, 493)","(402, 501)","(364, 502)","(587, 492)","(619, 466)","(658, 464)","(690, 485)","(662, 500)","(624, 500)","(406, 763)","(447, 745)","(485, 733)","(515, 743)","(544, 734)","(580, 747)","(619, 764)","(581, 787)","(546, 800)","(515, 802)","(484, 799)","(447, 786)","(424, 765)","(485, 761)","(515, 765)","(545, 762)","(602, 767)","(544, 761)","(515, 764)","(485, 760)"
WM_10_3.png,1,"(222, 493)","(229, 568)","(243, 640)","(260, 710)","(284, 778)","(324, 837)","(381, 883)","(446, 920)","(522, 929)","(595, 917)","(655, 878)","(702, 830)","(736, 771)","(755, 704)","(768, 635)","(780, 565)","(785, 493)","(271, 445)","(309, 406)","(363, 395)","(417, 401)","(471, 418)","(555, 418)","(608, 401)","(661, 396)","(712, 409)","(744, 451)","(516, 474)","(518, 526)","(520, 576)","(522, 629)","(460, 661)","(490, 669)","(520, 678)","(549, 669)","(577, 660)","(336, 488)","(368, 469)","(404, 469)","(437, 492)","(403, 499)","(366, 500)","(588, 492)","(620, 469)","(656, 469)","(686, 488)","(659, 501)","(623, 499)","(409, 754)","(447, 732)","(485, 721)","(517, 731)","(547, 722)","(585, 733)","(622, 753)","(586, 773)","(550, 786)","(518, 790)","(486, 787)","(448, 774)","(426, 755)","(485, 751)","(517, 755)","(548, 752)","(606, 754)","(549, 749)","(518, 754)","(486, 750)"
WM_11_-3.png,-1,"(234, 484)","(240, 559)","(254, 631)","(267, 705)","(285, 777)","(323, 841)","(377, 896)","(440, 941)","(514, 955)","(590, 944)","(656, 903)","(712, 851)","(753, 787)","(772, 712)","(783, 636)","(793, 559)","(797, 480)","(272, 438)","(307, 404)","(360, 400)","(410, 413)","(460, 431)","(552, 430)","(603, 409)","(656, 399)","(711, 406)","(750, 440)","(505, 475)","(505, 527)","(506, 578)","(506, 631)","(457, 663)","(482, 673)","(508, 683)","(534, 675)","(560, 665)","(335, 483)","(365, 465)","(402, 466)","(434, 490)","(399, 497)","(362, 498)","(586, 489)","(616, 466)","(654, 465)","(685, 482)","(658, 497)","(621, 496)","(404, 763)","(442, 745)","(478, 735)","(506, 745)","(536, 735)","(574, 748)","(615, 765)","(575, 788)","(538, 801)","(507, 804)","(477, 801)","(442, 787)","(421, 765)","(477, 762)","(507, 766)","(537, 763)","(597, 767)","(536, 764)","(507, 768)","(477, 764)"
WM_11_0.png,0,"(229, 505)","(238, 579)","(253, 651)","(268, 723)","(291, 791)","(331, 851)","(384, 900)","(443, 938)","(518, 949)","(594, 940)","(658, 904)","(713, 856)","(753, 796)","(774, 726)","(787, 652)","(798, 577)","(804, 499)","(271, 450)","(302, 411)","(354, 398)","(406, 406)","(458, 425)","(549, 424)","(602, 404)","(658, 397)","(713, 409)","(750, 449)","(505, 472)","(506, 524)","(506, 574)","(506, 627)","(453, 660)","(480, 669)","(509, 678)","(538, 669)","(566, 660)","(333, 488)","(362, 470)","(399, 469)","(434, 491)","(398, 498)","(361, 500)","(587, 490)","(620, 469)","(657, 469)","(689, 487)","(660, 499)","(622, 497)","(407, 759)","(442, 738)","(478, 728)","(508, 737)","(539, 729)","(578, 741)","(619, 761)","(579, 782)","(542, 792)","(509, 794)","(478, 791)","(442, 778)","(423, 759)","(478, 755)","(508, 759)","(540, 757)","(602, 761)","(540, 756)","(508, 759)","(478, 755)"
WM_11_3.png,1,"(221, 509)","(230, 584)","(244, 655)","(259, 725)","(284, 791)","(324, 847)","(378, 891)","(440, 925)","(514, 936)","(587, 928)","(654, 899)","(712, 858)","(754, 803)","(776, 735)","(790, 663)","(802, 587)","(808, 508)","(272, 454)","(301, 410)","(355, 395)","(409, 401)","(460, 419)","(549, 416)","(603, 398)","(661, 395)","(716, 413)","(750, 457)","(504, 471)","(504, 523)","(505, 574)","(505, 626)","(445, 653)","(475, 665)","(506, 674)","(540, 664)","(572, 653)","(332, 490)","(365, 472)","(400, 471)","(434, 492)","(399, 498)","(363, 499)","(588, 492)","(622, 472)","(658, 472)","(689, 491)","(659, 500)","(623, 498)","(406, 748)","(443, 726)","(478, 717)","(509, 726)","(541, 718)","(580, 729)","(622, 749)","(580, 768)","(542, 778)","(509, 780)","(477, 777)","(443, 766)","(423, 747)","(478, 742)","(509, 746)","(541, 743)","(605, 748)","(541, 744)","(509, 747)","(477, 744)"
WM_12_-3.png,-1,"(222, 497)","(228, 571)","(241, 643)","(254, 716)","(276, 788)","(317, 849)","(374, 900)","(441, 940)","(518, 951)","(593, 940)","(654, 897)","(707, 845)","(743, 783)","(759, 712)","(772, 640)","(787, 568)","(793, 494)","(263, 447)","(301, 410)","(359, 404)","(414, 415)","(470, 435)","(554, 432)","(608, 412)","(663, 401)","(720, 410)","(756, 450)","(512, 480)","(512, 525)","(513, 571)","(513, 619)","(462, 660)","(486, 668)","(512, 676)","(537, 669)","(562, 660)","(332, 487)","(363, 468)","(403, 467)","(433, 492)","(399, 500)","(362, 501)","(588, 491)","(619, 468)","(658, 466)","(688, 486)","(661, 500)","(623, 499)","(404, 764)","(444, 748)","(483, 737)","(511, 746)","(540, 739)","(577, 751)","(617, 768)","(578, 793)","(542, 804)","(511, 806)","(481, 803)","(442, 791)","(421, 767)","(482, 766)","(511, 770)","(541, 767)","(600, 771)","(540, 767)","(511, 770)","(482, 765)"
WM_12_0.png,0,"(216, 510)","(224, 584)","(237, 654)","(251, 724)","(274, 790)","(315, 845)","(372, 892)","(438, 929)","(513, 941)","(589, 933)","(653, 897)","(708, 849)","(745, 791)","(763, 721)","(775, 651)","(789, 580)","(796, 505)","(265, 453)","(303, 415)","(360, 404)","(417, 412)","(474, 430)","(548, 429)","(604, 410)","(660, 401)","(717, 413)","(753, 455)","(512, 479)","(513, 523)","(515, 568)","(516, 615)","(460, 655)","(486, 664)","(513, 672)","(540, 664)","(566, 654)","(331, 491)","(363, 471)","(402, 469)","(435, 493)","(400, 501)","(362, 502)","(585, 492)","(618, 468)","(656, 468)","(688, 488)","(659, 500)","(621, 499)","(401, 755)","(443, 739)","(482, 728)","(511, 737)","(540, 730)","(579, 741)","(621, 755)","(580, 783)","(542, 794)","(512, 795)","(481, 792)","(443, 779)","(420, 757)","(481, 756)","(511, 760)","(540, 758)","(603, 758)","(540, 757)","(512, 759)","(482, 755)"
WM_12_3.png,1,"(211, 508)","(221, 579)","(232, 648)","(246, 716)","(267, 781)","(304, 836)","(360, 880)","(427, 912)","(508, 923)","(588, 916)","(657, 886)","(713, 843)","(751, 789)","(771, 723)","(784, 655)","(794, 587)","(800, 514)","(265, 460)","(301, 418)","(359, 402)","(417, 407)","(474, 424)","(551, 420)","(607, 404)","(663, 401)","(718, 417)","(752, 461)","(512, 476)","(513, 521)","(514, 565)","(515, 611)","(457, 650)","(484, 658)","(513, 666)","(542, 658)","(570, 649)","(332, 494)","(364, 473)","(403, 472)","(437, 496)","(401, 502)","(363, 504)","(586, 493)","(620, 471)","(658, 471)","(688, 493)","(659, 503)","(622, 501)","(400, 743)","(442, 725)","(483, 715)","(512, 724)","(542, 716)","(579, 727)","(621, 741)","(580, 765)","(543, 775)","(512, 777)","(481, 775)","(442, 764)","(418, 744)","(482, 743)","(512, 746)","(542, 744)","(603, 744)","(542, 741)","(512, 745)","(482, 741)"
WM_13_-3.png,-1,"(234, 486)","(239, 562)","(251, 636)","(262, 710)","(281, 782)","(321, 846)","(375, 900)","(436, 945)","(511, 958)","(585, 946)","(648, 904)","(704, 852)","(745, 789)","(764, 715)","(775, 639)","(786, 563)","(791, 485)","(271, 449)","(308, 414)","(363, 409)","(414, 422)","(467, 438)","(553, 439)","(603, 420)","(655, 410)","(710, 417)","(749, 451)","(510, 483)","(511, 531)","(511, 579)","(512, 630)","(459, 666)","(485, 673)","(512, 681)","(537, 674)","(563, 666)","(335, 487)","(366, 467)","(404, 467)","(434, 494)","(400, 500)","(363, 500)","(586, 493)","(617, 467)","(656, 466)","(687, 486)","(659, 501)","(621, 500)","(403, 765)","(440, 750)","(479, 739)","(507, 750)","(538, 741)","(576, 752)","(615, 767)","(577, 793)","(538, 807)","(507, 809)","(477, 806)","(439, 790)","(419, 768)","(478, 769)","(507, 774)","(538, 770)","(598, 770)","(538, 769)","(507, 773)","(478, 768)"
WM_13_0.png,0,"(229, 502)","(234, 575)","(245, 647)","(258, 718)","(279, 787)","(320, 847)","(374, 898)","(435, 939)","(511, 952)","(586, 943)","(651, 906)","(707, 856)","(748, 796)","(769, 723)","(781, 650)","(792, 577)","(796, 501)","(275, 453)","(309, 416)","(362, 407)","(413, 417)","(463, 434)","(550, 433)","(603, 415)","(657, 408)","(711, 419)","(748, 457)","(510, 479)","(510, 527)","(510, 575)","(510, 625)","(456, 661)","(483, 669)","(511, 678)","(539, 669)","(565, 659)","(335, 488)","(366, 468)","(404, 468)","(436, 494)","(401, 500)","(364, 501)","(588, 492)","(620, 467)","(658, 466)","(689, 487)","(661, 500)","(623, 499)","(401, 756)","(439, 741)","(477, 732)","(508, 742)","(540, 732)","(581, 742)","(623, 757)","(583, 785)","(544, 799)","(511, 802)","(478, 799)","(440, 784)","(418, 759)","(477, 760)","(508, 764)","(541, 760)","(606, 760)","(542, 761)","(510, 765)","(479, 760)"
WM_13_3.png,1,"(225, 515)","(230, 587)","(240, 656)","(254, 725)","(277, 791)","(319, 848)","(375, 897)","(439, 934)","(516, 944)","(592, 933)","(657, 897)","(712, 851)","(751, 794)","(773, 728)","(786, 659)","(796, 590)","(801, 517)","(278, 459)","(310, 419)","(364, 406)","(416, 411)","(466, 428)","(549, 425)","(603, 410)","(657, 408)","(711, 422)","(745, 463)","(512, 476)","(512, 525)","(513, 574)","(513, 625)","(451, 655)","(481, 665)","(512, 673)","(544, 665)","(574, 654)","(335, 491)","(367, 469)","(403, 470)","(437, 495)","(402, 499)","(365, 500)","(587, 493)","(621, 468)","(657, 469)","(688, 490)","(658, 499)","(622, 497)","(397, 746)","(438, 728)","(479, 719)","(510, 728)","(543, 720)","(586, 730)","(628, 747)","(587, 776)","(546, 788)","(512, 791)","(479, 788)","(438, 773)","(415, 748)","(478, 748)","(511, 751)","(544, 748)","(610, 749)","(545, 750)","(512, 753)","(480, 750)"
WM_14_-3.png,-1,"(236, 494)","(243, 566)","(259, 637)","(272, 709)","(288, 780)","(325, 843)","(376, 896)","(435, 942)","(509, 956)","(585, 945)","(648, 903)","(702, 849)","(741, 786)","(758, 714)","(769, 642)","(783, 569)","(789, 495)","(266, 450)","(298, 408)","(354, 394)","(408, 402)","(462, 421)","(550, 421)","(606, 401)","(661, 394)","(718, 408)","(752, 451)","(508, 474)","(508, 527)","(507, 579)","(507, 634)","(456, 668)","(481, 677)","(507, 687)","(534, 678)","(561, 669)","(333, 486)","(362, 465)","(401, 466)","(432, 490)","(397, 498)","(360, 499)","(587, 488)","(618, 466)","(655, 466)","(686, 486)","(658, 498)","(621, 497)","(406, 766)","(443, 753)","(478, 744)","(507, 754)","(535, 745)","(572, 756)","(609, 768)","(573, 794)","(537, 809)","(507, 811)","(477, 807)","(442, 793)","(424, 770)","(478, 770)","(507, 774)","(536, 771)","(591, 772)","(536, 771)","(507, 775)","(478, 770)"
WM_14_0.png,0,"(235, 507)","(244, 580)","(259, 650)","(273, 720)","(292, 790)","(330, 849)","(381, 900)","(442, 941)","(517, 952)","(592, 941)","(653, 903)","(705, 853)","(742, 794)","(760, 724)","(772, 653)","(786, 581)","(793, 507)","(270, 458)","(299, 412)","(353, 394)","(408, 398)","(461, 416)","(549, 414)","(606, 395)","(664, 392)","(719, 411)","(751, 458)","(508, 470)","(509, 522)","(509, 573)","(509, 627)","(452, 663)","(480, 672)","(509, 681)","(538, 673)","(567, 664)","(333, 491)","(363, 471)","(400, 469)","(433, 491)","(399, 500)","(362, 502)","(588, 490)","(621, 469)","(658, 468)","(689, 489)","(659, 500)","(623, 498)","(400, 762)","(440, 746)","(478, 736)","(508, 745)","(539, 736)","(578, 747)","(622, 761)","(580, 787)","(541, 801)","(510, 803)","(478, 801)","(440, 788)","(417, 765)","(477, 763)","(508, 767)","(539, 763)","(605, 764)","(540, 763)","(509, 768)","(478, 764)"
WM_14_3.png,1,"(232, 514)","(241, 586)","(256, 655)","(270, 725)","(290, 791)","(327, 848)","(380, 895)","(441, 931)","(518, 941)","(594, 931)","(657, 895)","(709, 849)","(747, 792)","(765, 724)","(777, 655)","(789, 586)","(796, 514)","(274, 461)","(303, 413)","(356, 393)","(410, 394)","(464, 411)","(551, 410)","(606, 392)","(662, 393)","(715, 414)","(747, 459)","(508, 468)","(509, 520)","(509, 571)","(509, 625)","(450, 657)","(478, 667)","(508, 677)","(540, 668)","(570, 657)","(332, 495)","(363, 473)","(401, 472)","(435, 493)","(400, 500)","(363, 503)","(588, 491)","(622, 471)","(658, 470)","(688, 491)","(659, 500)","(623, 498)","(397, 751)","(438, 734)","(478, 724)","(509, 733)","(541, 724)","(582, 734)","(627, 748)","(584, 773)","(543, 787)","(511, 790)","(477, 788)","(439, 775)","(415, 754)","(477, 753)","(509, 756)","(541, 753)","(610, 752)","(542, 750)","(510, 755)","(478, 751)"
WM_15_-3.png,-1,"(225, 480)","(231, 557)","(243, 630)","(255, 705)","(275, 779)","(316, 844)","(371, 899)","(435, 944)","(508, 957)","(580, 946)","(640, 903)","(694, 850)","(734, 786)","(753, 713)","(765, 636)","(780, 561)","(787, 484)","(270, 442)","(311, 411)","(367, 406)","(419, 420)","(471, 439)","(553, 436)","(605, 419)","(657, 409)","(709, 414)","(748, 446)","(512, 478)","(513, 527)","(513, 577)","(513, 630)","(459, 663)","(485, 672)","(511, 680)","(537, 673)","(561, 663)","(334, 482)","(366, 464)","(406, 465)","(436, 490)","(400, 498)","(363, 498)","(586, 489)","(617, 466)","(656, 466)","(687, 484)","(659, 499)","(622, 499)","(405, 764)","(444, 747)","(480, 737)","(508, 747)","(537, 739)","(571, 751)","(608, 767)","(571, 790)","(537, 803)","(507, 806)","(477, 802)","(442, 789)","(422, 767)","(479, 764)","(508, 768)","(537, 766)","(591, 770)","(537, 766)","(508, 768)","(479, 764)"
WM_15_0.png,0,"(224, 490)","(231, 565)","(244, 636)","(256, 708)","(276, 780)","(315, 842)","(370, 894)","(434, 936)","(508, 949)","(583, 940)","(646, 903)","(700, 853)","(739, 791)","(759, 720)","(772, 646)","(785, 572)","(792, 494)","(272, 444)","(310, 411)","(364, 404)","(416, 412)","(469, 428)","(550, 426)","(603, 410)","(657, 403)","(710, 415)","(747, 450)","(512, 473)","(513, 523)","(514, 573)","(514, 625)","(456, 658)","(484, 669)","(512, 678)","(541, 669)","(567, 659)","(334, 485)","(366, 466)","(403, 466)","(435, 491)","(400, 498)","(363, 499)","(586, 490)","(618, 467)","(656, 467)","(687, 487)","(659, 500)","(621, 498)","(405, 758)","(443, 739)","(480, 729)","(509, 739)","(539, 730)","(575, 744)","(613, 761)","(575, 783)","(539, 794)","(509, 796)","(478, 792)","(443, 780)","(421, 760)","(479, 757)","(508, 761)","(539, 759)","(596, 763)","(539, 758)","(509, 761)","(480, 757)"
WM_15_3.png,1,"(220, 503)","(229, 577)","(243, 646)","(256, 716)","(278, 785)","(316, 843)","(371, 890)","(435, 925)","(512, 938)","(588, 929)","(652, 896)","(705, 851)","(742, 793)","(762, 726)","(775, 654)","(787, 583)","(793, 508)","(274, 455)","(310, 416)","(363, 402)","(417, 408)","(472, 421)","(546, 419)","(600, 406)","(654, 404)","(707, 419)","(742, 458)","(511, 471)","(512, 521)","(513, 569)","(513, 620)","(451, 652)","(481, 663)","(512, 673)","(543, 664)","(573, 652)","(333, 489)","(364, 469)","(401, 469)","(434, 492)","(399, 499)","(363, 500)","(586, 491)","(619, 469)","(655, 469)","(686, 490)","(657, 500)","(620, 498)","(402, 746)","(440, 727)","(478, 718)","(508, 727)","(538, 719)","(577, 730)","(620, 747)","(577, 769)","(540, 780)","(509, 783)","(477, 779)","(441, 767)","(419, 747)","(478, 747)","(508, 750)","(538, 748)","(602, 748)","(539, 746)","(509, 749)","(479, 746)"
WM_16_-3.png,-1,"(216, 492)","(222, 569)","(232, 642)","(241, 718)","(258, 794)","(301, 859)","(360, 915)","(430, 960)","(513, 973)","(593, 960)","(664, 920)","(725, 867)","(768, 802)","(786, 726)","(796, 649)","(808, 572)","(813, 494)","(265, 437)","(302, 404)","(356, 397)","(406, 408)","(459, 426)","(559, 426)","(611, 406)","(664, 396)","(718, 406)","(756, 441)","(507, 474)","(507, 525)","(507, 574)","(506, 626)","(456, 664)","(481, 672)","(507, 680)","(533, 672)","(560, 665)","(333, 484)","(365, 467)","(401, 468)","(432, 489)","(397, 495)","(361, 494)","(587, 489)","(617, 469)","(655, 468)","(688, 485)","(657, 495)","(621, 494)","(396, 760)","(438, 746)","(474, 737)","(506, 747)","(537, 739)","(575, 749)","(620, 762)","(577, 789)","(538, 801)","(506, 803)","(472, 799)","(436, 785)","(416, 764)","(473, 762)","(506, 766)","(537, 764)","(603, 765)","(537, 765)","(506, 768)","(474, 763)"
WM_16_0.png,0,"(210, 512)","(217, 586)","(227, 657)","(239, 730)","(260, 801)","(304, 860)","(364, 910)","(432, 951)","(512, 962)","(592, 953)","(662, 915)","(722, 866)","(766, 806)","(788, 735)","(801, 662)","(811, 589)","(815, 514)","(266, 449)","(301, 409)","(355, 395)","(410, 402)","(464, 420)","(554, 420)","(609, 402)","(665, 396)","(720, 413)","(757, 455)","(508, 471)","(509, 522)","(510, 571)","(509, 623)","(454, 658)","(481, 668)","(510, 678)","(538, 669)","(566, 660)","(333, 489)","(365, 469)","(401, 469)","(434, 490)","(398, 497)","(362, 498)","(587, 490)","(619, 469)","(657, 469)","(689, 489)","(658, 497)","(620, 496)","(392, 751)","(434, 735)","(473, 729)","(507, 737)","(539, 729)","(578, 737)","(624, 751)","(580, 777)","(541, 788)","(508, 790)","(473, 786)","(435, 773)","(411, 755)","(473, 753)","(507, 757)","(539, 754)","(606, 755)","(540, 754)","(508, 758)","(474, 753)"
WM_16_3.png,1,"(207, 514)","(215, 587)","(223, 657)","(235, 729)","(257, 797)","(301, 853)","(363, 899)","(433, 932)","(514, 943)","(594, 935)","(663, 903)","(724, 859)","(769, 802)","(793, 735)","(805, 663)","(813, 591)","(820, 518)","(269, 456)","(300, 413)","(352, 391)","(408, 393)","(464, 409)","(549, 410)","(604, 396)","(662, 393)","(716, 413)","(750, 458)","(507, 467)","(508, 518)","(509, 568)","(510, 620)","(450, 652)","(479, 661)","(510, 671)","(542, 661)","(572, 651)","(334, 491)","(365, 471)","(401, 470)","(436, 491)","(400, 496)","(364, 497)","(587, 491)","(620, 471)","(657, 471)","(689, 492)","(658, 498)","(621, 495)","(386, 739)","(432, 723)","(475, 715)","(510, 723)","(543, 716)","(587, 724)","(635, 740)","(587, 764)","(545, 774)","(510, 776)","(475, 772)","(433, 761)","(404, 742)","(475, 739)","(510, 742)","(543, 741)","(618, 743)","(544, 741)","(510, 744)","(475, 740)"
WM_17_-3.png,-1,"(219, 476)","(223, 554)","(234, 630)","(247, 707)","(268, 782)","(313, 846)","(373, 898)","(439, 942)","(515, 953)","(588, 940)","(649, 899)","(704, 845)","(743, 780)","(762, 706)","(772, 629)","(783, 555)","(787, 480)","(269, 443)","(310, 411)","(366, 407)","(418, 422)","(471, 441)","(562, 442)","(612, 424)","(661, 411)","(711, 414)","(747, 444)","(515, 483)","(516, 534)","(518, 585)","(519, 638)","(464, 670)","(490, 679)","(517, 689)","(542, 681)","(566, 671)","(335, 486)","(367, 466)","(406, 467)","(436, 494)","(402, 501)","(364, 501)","(587, 492)","(618, 467)","(655, 465)","(685, 484)","(659, 500)","(623, 499)","(407, 764)","(447, 752)","(484, 744)","(512, 754)","(541, 745)","(577, 755)","(617, 766)","(579, 792)","(543, 803)","(513, 806)","(484, 803)","(448, 791)","(425, 769)","(483, 768)","(512, 771)","(541, 768)","(601, 771)","(542, 769)","(513, 772)","(485, 768)"
WM_17_0.png,0,"(215, 496)","(221, 573)","(234, 648)","(247, 722)","(270, 794)","(316, 854)","(378, 901)","(444, 937)","(520, 946)","(592, 934)","(652, 896)","(706, 849)","(743, 790)","(762, 720)","(774, 647)","(785, 575)","(790, 499)","(269, 453)","(310, 417)","(367, 408)","(421, 420)","(474, 439)","(557, 438)","(610, 420)","(661, 411)","(714, 417)","(749, 452)","(515, 480)","(516, 531)","(518, 583)","(519, 636)","(461, 666)","(488, 677)","(517, 687)","(545, 678)","(570, 666)","(337, 489)","(368, 468)","(406, 468)","(439, 494)","(404, 499)","(367, 500)","(586, 493)","(619, 468)","(656, 468)","(686, 489)","(659, 500)","(622, 499)","(404, 758)","(444, 745)","(482, 739)","(513, 748)","(545, 740)","(582, 748)","(622, 759)","(583, 784)","(546, 795)","(514, 798)","(482, 795)","(444, 784)","(421, 761)","(482, 760)","(513, 765)","(546, 761)","(606, 763)","(546, 762)","(514, 766)","(483, 761)"
WM_17_3.png,1,"(213, 497)","(222, 575)","(235, 649)","(247, 723)","(271, 792)","(316, 849)","(379, 892)","(447, 925)","(521, 935)","(593, 923)","(654, 890)","(709, 845)","(748, 787)","(768, 719)","(780, 648)","(789, 576)","(794, 500)","(266, 461)","(303, 419)","(361, 406)","(418, 414)","(474, 431)","(552, 429)","(606, 414)","(659, 409)","(712, 421)","(746, 460)","(514, 477)","(515, 528)","(518, 578)","(520, 630)","(456, 660)","(485, 672)","(516, 682)","(547, 672)","(576, 659)","(335, 489)","(367, 470)","(405, 470)","(439, 494)","(404, 500)","(367, 501)","(585, 492)","(619, 470)","(654, 470)","(684, 490)","(656, 501)","(620, 499)","(399, 747)","(442, 734)","(482, 728)","(515, 736)","(547, 728)","(586, 736)","(629, 750)","(587, 772)","(548, 783)","(515, 786)","(481, 783)","(442, 771)","(418, 750)","(482, 749)","(515, 753)","(547, 749)","(611, 753)","(547, 749)","(515, 753)","(482, 750)"
WM_18_-3.png,-1,"(223, 477)","(229, 554)","(242, 629)","(252, 706)","(271, 782)","(312, 847)","(371, 902)","(436, 947)","(512, 960)","(588, 949)","(651, 906)","(707, 852)","(747, 784)","(764, 707)","(774, 629)","(787, 552)","(792, 474)","(268, 445)","(305, 410)","(361, 403)","(413, 419)","(467, 439)","(556, 440)","(608, 420)","(660, 404)","(715, 411)","(752, 445)","(511, 482)","(512, 534)","(513, 586)","(514, 641)","(463, 667)","(487, 679)","(513, 688)","(539, 680)","(563, 668)","(332, 484)","(363, 464)","(403, 465)","(435, 492)","(398, 499)","(360, 500)","(585, 492)","(619, 465)","(658, 464)","(690, 484)","(662, 500)","(623, 499)","(410, 760)","(447, 748)","(481, 741)","(511, 751)","(541, 743)","(577, 751)","(615, 763)","(579, 790)","(543, 799)","(511, 801)","(480, 797)","(446, 785)","(427, 764)","(480, 764)","(511, 769)","(542, 766)","(599, 767)","(542, 765)","(512, 767)","(481, 762)"
WM_18_0.png,0,"(221, 492)","(227, 567)","(239, 640)","(251, 714)","(271, 786)","(312, 847)","(371, 899)","(437, 939)","(514, 952)","(591, 943)","(655, 904)","(711, 853)","(750, 790)","(769, 715)","(780, 640)","(791, 566)","(796, 490)","(271, 450)","(307, 413)","(362, 403)","(414, 415)","(469, 431)","(554, 429)","(607, 413)","(660, 404)","(714, 413)","(750, 450)","(512, 478)","(513, 529)","(514, 581)","(515, 634)","(460, 663)","(487, 672)","(515, 682)","(543, 673)","(569, 662)","(334, 487)","(365, 465)","(405, 466)","(439, 493)","(401, 500)","(362, 501)","(585, 493)","(618, 466)","(657, 466)","(690, 488)","(661, 501)","(621, 500)","(403, 748)","(444, 736)","(482, 730)","(513, 739)","(544, 731)","(583, 739)","(626, 751)","(585, 779)","(546, 788)","(514, 790)","(481, 786)","(443, 773)","(421, 752)","(481, 754)","(513, 758)","(545, 756)","(608, 756)","(545, 756)","(514, 758)","(481, 753)"
WM_18_3.png,1,"(218, 502)","(226, 578)","(238, 650)","(250, 723)","(273, 791)","(315, 848)","(373, 894)","(438, 930)","(515, 942)","(589, 933)","(654, 899)","(710, 853)","(750, 794)","(772, 724)","(784, 651)","(794, 578)","(801, 502)","(269, 456)","(305, 415)","(361, 401)","(415, 409)","(468, 428)","(551, 425)","(604, 409)","(658, 405)","(712, 420)","(746, 459)","(513, 475)","(514, 526)","(515, 577)","(516, 630)","(455, 654)","(485, 665)","(515, 675)","(546, 666)","(575, 654)","(335, 489)","(367, 467)","(405, 467)","(440, 493)","(404, 500)","(365, 501)","(586, 493)","(620, 468)","(658, 469)","(689, 493)","(660, 502)","(622, 500)","(396, 739)","(442, 724)","(483, 718)","(515, 726)","(549, 719)","(590, 727)","(632, 743)","(591, 769)","(552, 778)","(517, 781)","(482, 777)","(442, 766)","(416, 742)","(482, 743)","(515, 746)","(550, 744)","(614, 745)","(550, 745)","(516, 747)","(483, 744)"
WM_19_-3.png,-1,"(218, 477)","(222, 558)","(235, 637)","(247, 717)","(268, 793)","(314, 859)","(372, 918)","(437, 965)","(514, 979)","(590, 965)","(653, 916)","(708, 855)","(749, 786)","(769, 709)","(779, 630)","(790, 552)","(794, 473)","(265, 443)","(303, 406)","(361, 399)","(414, 414)","(467, 435)","(558, 434)","(611, 413)","(662, 401)","(716, 407)","(752, 444)","(514, 481)","(514, 535)","(515, 589)","(515, 645)","(460, 675)","(487, 684)","(515, 694)","(542, 684)","(568, 674)","(334, 486)","(366, 466)","(405, 467)","(436, 493)","(401, 498)","(363, 499)","(587, 492)","(618, 466)","(657, 465)","(687, 485)","(660, 497)","(623, 497)","(398, 768)","(439, 754)","(480, 745)","(512, 756)","(546, 746)","(588, 756)","(626, 768)","(590, 807)","(549, 827)","(514, 832)","(479, 827)","(438, 805)","(417, 774)","(479, 779)","(512, 784)","(546, 780)","(609, 774)","(548, 781)","(514, 785)","(481, 780)"
WM_19_0.png,0,"(214, 492)","(220, 572)","(232, 647)","(244, 723)","(265, 795)","(309, 856)","(365, 911)","(429, 957)","(508, 973)","(587, 961)","(651, 917)","(707, 862)","(749, 798)","(769, 724)","(780, 646)","(791, 569)","(796, 490)","(264, 452)","(299, 410)","(358, 397)","(414, 409)","(470, 429)","(551, 427)","(606, 408)","(661, 399)","(717, 410)","(753, 452)","(512, 477)","(513, 531)","(515, 584)","(516, 639)","(453, 668)","(483, 678)","(513, 688)","(544, 678)","(573, 668)","(333, 488)","(366, 467)","(404, 467)","(436, 494)","(400, 497)","(364, 498)","(586, 493)","(618, 467)","(655, 466)","(687, 487)","(659, 497)","(622, 497)","(393, 760)","(436, 745)","(479, 736)","(512, 746)","(548, 738)","(591, 749)","(632, 764)","(592, 801)","(549, 819)","(512, 822)","(476, 817)","(434, 796)","(413, 767)","(478, 769)","(512, 773)","(548, 771)","(614, 769)","(548, 777)","(512, 780)","(478, 774)"
WM_19_3.png,1,"(211, 517)","(219, 595)","(232, 669)","(247, 742)","(271, 810)","(316, 867)","(374, 916)","(438, 954)","(516, 966)","(590, 954)","(649, 915)","(704, 867)","(746, 808)","(769, 737)","(783, 663)","(794, 589)","(801, 512)","(266, 458)","(302, 414)","(359, 396)","(416, 402)","(471, 421)","(547, 420)","(603, 404)","(659, 400)","(714, 416)","(750, 460)","(511, 478)","(513, 529)","(514, 580)","(515, 633)","(449, 661)","(481, 671)","(513, 681)","(547, 671)","(578, 660)","(332, 491)","(365, 469)","(402, 469)","(436, 495)","(401, 498)","(364, 499)","(587, 494)","(619, 470)","(656, 470)","(689, 491)","(659, 499)","(622, 498)","(388, 754)","(431, 731)","(479, 721)","(514, 731)","(551, 723)","(595, 735)","(636, 756)","(596, 797)","(552, 816)","(514, 820)","(475, 815)","(431, 793)","(406, 758)","(478, 748)","(514, 752)","(551, 749)","(618, 760)","(551, 778)","(514, 782)","(477, 777)"
WM_1_-3.png,-1,"(221, 488)","(228, 565)","(244, 638)","(258, 712)","(277, 784)","(317, 847)","(374, 900)","(439, 941)","(514, 954)","(589, 942)","(655, 902)","(711, 850)","(751, 787)","(770, 714)","(783, 638)","(796, 562)","(801, 486)","(265, 449)","(303, 410)","(361, 402)","(416, 414)","(470, 436)","(546, 436)","(600, 414)","(656, 402)","(714, 411)","(754, 449)","(509, 477)","(510, 527)","(511, 576)","(511, 627)","(458, 663)","(484, 671)","(511, 679)","(538, 672)","(563, 663)","(335, 485)","(366, 465)","(404, 465)","(437, 489)","(401, 496)","(365, 497)","(585, 488)","(618, 466)","(655, 466)","(687, 485)","(658, 497)","(621, 495)","(408, 767)","(445, 746)","(480, 733)","(508, 742)","(537, 733)","(574, 747)","(613, 766)","(575, 787)","(539, 798)","(510, 800)","(481, 798)","(446, 789)","(425, 768)","(480, 761)","(509, 764)","(537, 761)","(597, 767)","(538, 761)","(510, 764)","(481, 760)"
WM_1_0.png,0,"(220, 498)","(228, 576)","(242, 651)","(256, 725)","(279, 795)","(320, 855)","(377, 904)","(443, 943)","(519, 952)","(595, 941)","(659, 902)","(714, 853)","(755, 792)","(775, 722)","(786, 647)","(798, 573)","(805, 495)","(262, 457)","(297, 414)","(355, 401)","(410, 410)","(464, 428)","(554, 427)","(609, 409)","(665, 403)","(720, 415)","(755, 455)","(510, 477)","(511, 530)","(512, 582)","(513, 636)","(454, 663)","(483, 672)","(513, 682)","(542, 672)","(571, 662)","(335, 491)","(366, 472)","(403, 472)","(434, 493)","(400, 499)","(365, 500)","(589, 492)","(621, 471)","(657, 470)","(688, 488)","(659, 498)","(624, 497)","(401, 755)","(440, 739)","(478, 732)","(510, 742)","(543, 732)","(582, 741)","(622, 756)","(582, 778)","(544, 792)","(510, 796)","(477, 793)","(440, 779)","(417, 757)","(477, 759)","(510, 763)","(543, 759)","(606, 758)","(543, 756)","(510, 762)","(478, 757)"
WM_1_3.png,1,"(216, 502)","(223, 579)","(235, 652)","(252, 725)","(280, 792)","(326, 851)","(384, 902)","(448, 944)","(521, 957)","(594, 943)","(655, 899)","(711, 846)","(755, 786)","(779, 718)","(792, 643)","(802, 570)","(806, 494)","(263, 463)","(297, 417)","(354, 402)","(411, 408)","(464, 430)","(550, 428)","(603, 407)","(660, 402)","(716, 416)","(751, 460)","(510, 479)","(511, 531)","(512, 583)","(513, 636)","(448, 658)","(480, 667)","(513, 677)","(546, 666)","(579, 656)","(334, 493)","(367, 475)","(401, 475)","(434, 496)","(400, 497)","(365, 497)","(588, 496)","(620, 475)","(655, 474)","(688, 491)","(657, 497)","(623, 497)","(379, 733)","(427, 718)","(478, 711)","(515, 718)","(553, 710)","(603, 717)","(652, 730)","(605, 785)","(556, 813)","(516, 818)","(476, 813)","(427, 785)","(395, 739)","(478, 733)","(515, 737)","(553, 733)","(634, 736)","(554, 776)","(515, 782)","(477, 776)"
WM_2_-3.png,-1,"(223, 473)","(229, 550)","(243, 625)","(257, 700)","(277, 772)","(317, 833)","(373, 885)","(438, 928)","(512, 941)","(585, 930)","(647, 889)","(698, 836)","(734, 772)","(751, 700)","(765, 626)","(779, 551)","(785, 475)","(271, 436)","(311, 403)","(370, 398)","(423, 412)","(476, 432)","(552, 434)","(604, 413)","(657, 400)","(713, 407)","(750, 442)","(512, 478)","(512, 526)","(513, 574)","(513, 624)","(463, 662)","(487, 670)","(513, 677)","(537, 670)","(561, 662)","(336, 481)","(368, 460)","(407, 462)","(439, 489)","(403, 497)","(364, 497)","(583, 490)","(615, 463)","(654, 463)","(686, 482)","(658, 498)","(619, 498)","(411, 768)","(448, 748)","(483, 735)","(511, 744)","(539, 735)","(574, 750)","(610, 767)","(575, 789)","(542, 801)","(512, 804)","(483, 802)","(448, 791)","(428, 770)","(483, 763)","(511, 766)","(540, 763)","(593, 769)","(540, 762)","(512, 766)","(484, 761)"
WM_2_0.png,0,"(222, 481)","(229, 556)","(244, 628)","(257, 700)","(276, 771)","(317, 831)","(371, 884)","(433, 929)","(509, 943)","(582, 933)","(643, 894)","(696, 842)","(735, 782)","(755, 711)","(769, 637)","(783, 563)","(790, 487)","(269, 444)","(307, 407)","(365, 399)","(420, 410)","(474, 431)","(555, 428)","(608, 409)","(661, 400)","(716, 410)","(750, 448)","(514, 476)","(514, 527)","(515, 576)","(516, 628)","(461, 664)","(487, 672)","(514, 680)","(541, 672)","(566, 663)","(335, 487)","(367, 468)","(405, 469)","(437, 493)","(402, 500)","(365, 500)","(587, 492)","(618, 468)","(655, 468)","(687, 486)","(659, 499)","(622, 498)","(407, 760)","(445, 744)","(482, 733)","(513, 744)","(544, 734)","(580, 747)","(617, 761)","(580, 782)","(544, 794)","(513, 797)","(481, 794)","(444, 781)","(424, 762)","(481, 760)","(513, 764)","(544, 761)","(601, 764)","(544, 759)","(513, 763)","(482, 758)"
WM_2_3.png,1,"(224, 494)","(232, 570)","(244, 641)","(257, 714)","(281, 782)","(326, 840)","(382, 890)","(443, 931)","(518, 945)","(590, 930)","(648, 887)","(698, 833)","(737, 774)","(760, 706)","(773, 636)","(786, 566)","(793, 492)","(268, 455)","(302, 414)","(357, 399)","(412, 404)","(467, 423)","(551, 424)","(606, 408)","(661, 403)","(716, 418)","(751, 460)","(513, 477)","(513, 529)","(514, 580)","(515, 634)","(456, 659)","(485, 668)","(515, 678)","(545, 667)","(574, 657)","(338, 491)","(368, 472)","(404, 473)","(437, 495)","(401, 499)","(367, 500)","(588, 496)","(620, 474)","(656, 474)","(687, 490)","(658, 500)","(623, 501)","(383, 731)","(431, 722)","(479, 717)","(515, 726)","(552, 717)","(599, 722)","(644, 730)","(600, 779)","(554, 803)","(515, 808)","(477, 803)","(430, 778)","(401, 738)","(479, 738)","(515, 743)","(552, 738)","(627, 737)","(553, 768)","(515, 773)","(478, 767)"
WM_3_-3.png,-1,"(219, 483)","(227, 561)","(240, 635)","(253, 711)","(271, 788)","(312, 852)","(369, 907)","(436, 948)","(514, 959)","(593, 948)","(659, 907)","(716, 855)","(757, 790)","(774, 713)","(785, 635)","(798, 558)","(803, 480)","(274, 434)","(311, 405)","(363, 397)","(412, 406)","(465, 420)","(552, 420)","(606, 404)","(659, 398)","(711, 407)","(749, 440)","(508, 472)","(509, 521)","(510, 571)","(511, 622)","(464, 660)","(487, 669)","(511, 676)","(533, 671)","(555, 662)","(335, 484)","(364, 463)","(403, 462)","(436, 487)","(399, 496)","(362, 497)","(582, 486)","(613, 462)","(653, 462)","(686, 482)","(654, 495)","(616, 494)","(413, 770)","(449, 748)","(484, 735)","(512, 744)","(536, 735)","(570, 749)","(609, 771)","(571, 791)","(537, 799)","(511, 800)","(482, 799)","(448, 791)","(431, 771)","(484, 763)","(512, 765)","(536, 764)","(591, 773)","(536, 764)","(511, 765)","(483, 762)"
WM_3_0.png,0,"(216, 493)","(223, 570)","(235, 645)","(246, 722)","(267, 796)","(308, 858)","(366, 912)","(431, 952)","(509, 966)","(587, 957)","(652, 918)","(712, 867)","(757, 803)","(779, 727)","(791, 650)","(803, 575)","(810, 494)","(268, 453)","(301, 412)","(356, 396)","(411, 402)","(469, 417)","(549, 415)","(605, 399)","(662, 398)","(718, 414)","(755, 454)","(507, 471)","(508, 523)","(509, 574)","(510, 629)","(456, 663)","(482, 673)","(510, 681)","(537, 674)","(564, 664)","(336, 490)","(365, 470)","(401, 468)","(433, 489)","(398, 496)","(363, 498)","(586, 488)","(617, 467)","(655, 467)","(686, 486)","(655, 495)","(618, 493)","(401, 762)","(439, 747)","(475, 738)","(508, 747)","(537, 739)","(574, 750)","(615, 764)","(575, 786)","(538, 796)","(507, 798)","(473, 795)","(438, 785)","(418, 766)","(474, 765)","(507, 768)","(538, 766)","(599, 767)","(538, 764)","(507, 767)","(474, 763)"
WM_3_3.png,1,"(214, 502)","(222, 580)","(231, 655)","(244, 731)","(271, 801)","(317, 863)","(373, 917)","(436, 958)","(512, 970)","(586, 958)","(649, 919)","(706, 868)","(753, 809)","(779, 736)","(792, 659)","(803, 582)","(812, 503)","(269, 458)","(302, 415)","(356, 396)","(413, 396)","(469, 412)","(554, 411)","(611, 397)","(667, 398)","(720, 417)","(754, 458)","(512, 475)","(512, 529)","(512, 581)","(513, 636)","(453, 658)","(482, 668)","(513, 679)","(544, 668)","(572, 657)","(339, 491)","(370, 473)","(405, 473)","(437, 492)","(403, 496)","(370, 497)","(590, 491)","(621, 472)","(655, 472)","(686, 491)","(656, 495)","(623, 494)","(381, 738)","(429, 722)","(477, 719)","(514, 727)","(550, 720)","(597, 725)","(643, 738)","(599, 791)","(552, 816)","(513, 820)","(474, 815)","(426, 791)","(397, 743)","(476, 735)","(513, 740)","(551, 736)","(627, 743)","(551, 785)","(513, 789)","(475, 783)"
WM_4_-3.png,-1,"(224, 472)","(231, 549)","(243, 625)","(257, 702)","(276, 780)","(315, 848)","(371, 906)","(437, 950)","(516, 962)","(596, 952)","(663, 910)","(718, 854)","(757, 786)","(776, 707)","(789, 628)","(800, 549)","(803, 470)","(278, 429)","(314, 397)","(366, 393)","(415, 406)","(464, 424)","(553, 421)","(603, 403)","(656, 395)","(707, 401)","(747, 433)","(508, 470)","(507, 518)","(508, 566)","(507, 616)","(463, 655)","(486, 664)","(510, 672)","(534, 666)","(555, 656)","(336, 480)","(366, 460)","(404, 461)","(439, 486)","(401, 495)","(363, 496)","(583, 484)","(614, 461)","(654, 460)","(687, 480)","(657, 495)","(616, 494)","(417, 770)","(451, 747)","(484, 731)","(511, 739)","(535, 731)","(569, 747)","(608, 769)","(572, 796)","(539, 807)","(513, 808)","(484, 806)","(452, 796)","(435, 772)","(484, 762)","(512, 764)","(536, 762)","(590, 770)","(536, 765)","(512, 767)","(485, 764)"
WM_4_0.png,0,"(220, 485)","(228, 562)","(242, 637)","(255, 713)","(275, 788)","(315, 854)","(372, 909)","(439, 950)","(516, 962)","(593, 949)","(659, 909)","(715, 856)","(756, 793)","(775, 718)","(787, 642)","(800, 566)","(807, 487)","(270, 438)","(306, 405)","(359, 397)","(410, 405)","(460, 422)","(557, 420)","(607, 402)","(659, 398)","(710, 409)","(748, 442)","(508, 470)","(508, 520)","(508, 569)","(508, 620)","(458, 659)","(483, 669)","(510, 676)","(537, 669)","(562, 660)","(333, 486)","(364, 466)","(402, 466)","(437, 490)","(400, 498)","(362, 500)","(585, 488)","(618, 465)","(656, 465)","(689, 485)","(659, 499)","(620, 497)","(405, 768)","(445, 746)","(481, 733)","(510, 743)","(539, 733)","(576, 748)","(616, 768)","(577, 792)","(541, 804)","(510, 806)","(480, 804)","(445, 792)","(423, 770)","(481, 763)","(510, 766)","(540, 764)","(598, 770)","(539, 764)","(510, 767)","(481, 764)"
WM_4_3.png,1,"(218, 496)","(229, 572)","(240, 645)","(252, 719)","(275, 790)","(315, 853)","(369, 908)","(435, 951)","(511, 965)","(587, 950)","(653, 908)","(710, 855)","(752, 792)","(775, 720)","(788, 646)","(800, 571)","(809, 492)","(269, 454)","(301, 414)","(353, 400)","(406, 402)","(458, 419)","(551, 417)","(603, 400)","(658, 400)","(710, 414)","(747, 450)","(506, 475)","(507, 526)","(507, 576)","(507, 627)","(450, 656)","(478, 665)","(508, 675)","(538, 665)","(567, 654)","(331, 492)","(364, 471)","(401, 472)","(435, 495)","(399, 501)","(362, 501)","(586, 494)","(619, 472)","(656, 471)","(689, 491)","(658, 501)","(621, 501)","(383, 738)","(431, 724)","(476, 717)","(510, 723)","(545, 716)","(591, 722)","(639, 737)","(594, 792)","(547, 816)","(511, 820)","(474, 816)","(428, 793)","(400, 744)","(476, 734)","(510, 737)","(545, 733)","(622, 743)","(546, 782)","(511, 786)","(475, 781)"
WM_5_-3.png,-1,"(222, 501)","(229, 577)","(241, 649)","(254, 723)","(274, 797)","(314, 859)","(370, 911)","(436, 952)","(512, 965)","(588, 955)","(654, 916)","(710, 865)","(749, 803)","(767, 727)","(776, 650)","(788, 575)","(795, 499)","(272, 451)","(310, 415)","(364, 410)","(415, 421)","(468, 438)","(554, 438)","(605, 418)","(656, 407)","(708, 415)","(744, 448)","(511, 477)","(511, 524)","(511, 571)","(511, 621)","(462, 658)","(486, 668)","(512, 675)","(537, 668)","(560, 658)","(337, 486)","(369, 466)","(407, 465)","(437, 490)","(403, 497)","(367, 498)","(584, 488)","(615, 465)","(652, 465)","(683, 485)","(655, 497)","(618, 495)","(411, 768)","(447, 748)","(481, 735)","(508, 743)","(535, 735)","(571, 749)","(610, 768)","(574, 789)","(539, 798)","(511, 800)","(483, 798)","(448, 789)","(428, 770)","(481, 762)","(508, 764)","(535, 762)","(594, 771)","(537, 763)","(510, 765)","(483, 763)"
WM_5_0.png,0,"(223, 507)","(230, 584)","(241, 657)","(252, 732)","(274, 804)","(316, 864)","(374, 914)","(439, 954)","(515, 966)","(590, 953)","(654, 915)","(712, 866)","(751, 806)","(770, 734)","(780, 658)","(791, 584)","(796, 508)","(271, 463)","(303, 423)","(356, 409)","(409, 417)","(463, 433)","(555, 433)","(607, 415)","(661, 409)","(714, 422)","(748, 461)","(510, 477)","(510, 528)","(510, 578)","(511, 631)","(455, 661)","(482, 672)","(511, 681)","(541, 672)","(569, 660)","(337, 489)","(368, 470)","(403, 469)","(434, 492)","(400, 496)","(366, 497)","(588, 491)","(618, 470)","(653, 470)","(684, 490)","(655, 497)","(620, 495)","(403, 758)","(442, 743)","(480, 736)","(510, 745)","(540, 737)","(579, 745)","(621, 758)","(580, 783)","(542, 795)","(511, 797)","(479, 794)","(443, 782)","(421, 761)","(479, 760)","(510, 764)","(541, 761)","(605, 761)","(541, 762)","(511, 765)","(480, 761)"
WM_5_3.png,1,"(221, 516)","(228, 594)","(236, 668)","(248, 742)","(274, 812)","(321, 870)","(379, 919)","(443, 961)","(517, 974)","(589, 960)","(650, 916)","(706, 864)","(749, 803)","(774, 732)","(786, 658)","(793, 587)","(798, 511)","(267, 474)","(299, 429)","(352, 413)","(408, 416)","(462, 433)","(557, 430)","(610, 415)","(663, 413)","(714, 427)","(747, 466)","(510, 482)","(511, 533)","(512, 583)","(513, 636)","(449, 657)","(480, 669)","(512, 680)","(546, 668)","(577, 656)","(332, 495)","(365, 475)","(399, 476)","(431, 497)","(397, 498)","(363, 499)","(589, 496)","(620, 475)","(655, 474)","(686, 493)","(656, 497)","(623, 497)","(375, 735)","(427, 723)","(478, 718)","(516, 725)","(554, 717)","(602, 720)","(650, 731)","(604, 786)","(556, 813)","(516, 819)","(476, 814)","(425, 789)","(391, 741)","(477, 735)","(515, 739)","(554, 733)","(634, 737)","(555, 781)","(515, 787)","(476, 782)"
WM_6_-3.png,-1,"(221, 490)","(228, 565)","(240, 640)","(254, 715)","(275, 789)","(318, 852)","(377, 902)","(444, 940)","(519, 949)","(591, 938)","(653, 900)","(705, 847)","(740, 783)","(756, 711)","(770, 639)","(784, 566)","(791, 493)","(275, 431)","(314, 394)","(370, 387)","(422, 400)","(473, 418)","(558, 413)","(612, 397)","(663, 389)","(716, 402)","(749, 441)","(516, 472)","(517, 522)","(517, 572)","(517, 623)","(466, 661)","(491, 669)","(517, 675)","(541, 670)","(564, 663)","(337, 482)","(369, 463)","(408, 465)","(441, 490)","(405, 499)","(366, 499)","(584, 488)","(616, 464)","(655, 464)","(686, 483)","(658, 499)","(620, 498)","(413, 769)","(452, 746)","(487, 730)","(515, 740)","(544, 730)","(579, 745)","(615, 766)","(581, 787)","(548, 799)","(518, 801)","(488, 800)","(453, 790)","(431, 769)","(487, 760)","(515, 762)","(545, 759)","(599, 767)","(546, 760)","(516, 764)","(488, 761)"
WM_6_0.png,0,"(217, 495)","(224, 570)","(236, 642)","(251, 713)","(272, 783)","(313, 843)","(371, 891)","(436, 931)","(512, 943)","(587, 934)","(649, 897)","(703, 846)","(741, 786)","(761, 715)","(776, 643)","(789, 569)","(795, 497)","(270, 440)","(306, 400)","(362, 389)","(415, 400)","(468, 419)","(555, 417)","(608, 397)","(662, 389)","(716, 402)","(750, 443)","(514, 473)","(515, 525)","(516, 575)","(517, 627)","(458, 662)","(486, 672)","(516, 680)","(544, 672)","(571, 663)","(335, 488)","(365, 468)","(404, 469)","(438, 493)","(402, 501)","(364, 502)","(588, 491)","(620, 469)","(658, 468)","(689, 487)","(660, 501)","(623, 500)","(408, 758)","(447, 742)","(483, 732)","(513, 742)","(543, 732)","(581, 743)","(621, 762)","(582, 782)","(546, 794)","(514, 796)","(483, 793)","(448, 781)","(425, 760)","(483, 759)","(513, 762)","(544, 759)","(605, 763)","(544, 759)","(514, 763)","(484, 758)"
WM_6_3.png,1,"(216, 502)","(223, 576)","(235, 647)","(249, 718)","(274, 785)","(321, 842)","(381, 891)","(447, 932)","(519, 945)","(587, 931)","(647, 891)","(701, 841)","(743, 787)","(767, 720)","(781, 649)","(791, 578)","(797, 505)","(272, 450)","(303, 405)","(357, 390)","(411, 397)","(461, 420)","(561, 416)","(613, 396)","(668, 392)","(720, 409)","(751, 453)","(513, 477)","(514, 529)","(516, 579)","(516, 633)","(451, 658)","(482, 667)","(515, 678)","(548, 667)","(578, 656)","(337, 491)","(368, 472)","(405, 475)","(437, 497)","(402, 502)","(366, 501)","(589, 496)","(622, 474)","(657, 473)","(688, 491)","(659, 501)","(624, 502)","(381, 731)","(431, 720)","(478, 713)","(514, 720)","(550, 712)","(598, 718)","(647, 726)","(602, 778)","(555, 805)","(517, 811)","(478, 807)","(431, 783)","(398, 738)","(478, 733)","(514, 736)","(551, 731)","(630, 733)","(553, 771)","(515, 777)","(478, 773)"
WM_7_-3.png,-1,"(218, 487)","(226, 563)","(243, 638)","(257, 712)","(277, 784)","(318, 846)","(376, 895)","(440, 935)","(516, 947)","(591, 936)","(652, 899)","(704, 849)","(740, 788)","(757, 716)","(771, 642)","(786, 567)","(792, 491)","(271, 438)","(314, 405)","(371, 401)","(424, 416)","(479, 434)","(544, 435)","(597, 414)","(651, 401)","(707, 407)","(747, 443)","(511, 477)","(513, 523)","(515, 571)","(517, 620)","(465, 658)","(490, 667)","(516, 675)","(540, 667)","(564, 659)","(334, 485)","(366, 465)","(406, 464)","(437, 489)","(402, 498)","(363, 500)","(584, 488)","(615, 465)","(654, 465)","(685, 485)","(658, 499)","(619, 498)","(415, 769)","(452, 743)","(489, 726)","(516, 735)","(541, 726)","(576, 744)","(610, 769)","(577, 792)","(544, 804)","(517, 807)","(489, 804)","(453, 794)","(433, 771)","(489, 760)","(515, 762)","(542, 760)","(592, 770)","(542, 761)","(516, 764)","(489, 761)"
WM_7_0.png,0,"(218, 497)","(226, 573)","(241, 647)","(255, 720)","(277, 791)","(318, 850)","(375, 899)","(439, 937)","(516, 949)","(589, 939)","(652, 901)","(706, 852)","(744, 793)","(763, 721)","(776, 648)","(788, 573)","(795, 497)","(267, 452)","(304, 411)","(363, 402)","(419, 413)","(474, 434)","(548, 431)","(603, 412)","(658, 404)","(714, 414)","(750, 453)","(512, 476)","(514, 524)","(515, 572)","(516, 622)","(460, 658)","(487, 667)","(515, 676)","(543, 668)","(570, 658)","(335, 489)","(367, 470)","(404, 470)","(435, 493)","(401, 500)","(365, 500)","(589, 491)","(620, 470)","(657, 471)","(687, 489)","(660, 501)","(624, 499)","(407, 763)","(445, 739)","(484, 726)","(513, 736)","(543, 727)","(580, 741)","(618, 765)","(581, 786)","(545, 800)","(514, 803)","(482, 800)","(445, 787)","(425, 765)","(483, 759)","(513, 763)","(543, 760)","(601, 766)","(544, 759)","(513, 762)","(483, 758)"
WM_7_3.png,1,"(219, 508)","(227, 582)","(240, 652)","(254, 724)","(280, 792)","(325, 850)","(382, 901)","(445, 941)","(520, 955)","(592, 942)","(652, 900)","(704, 848)","(743, 789)","(766, 721)","(780, 651)","(790, 581)","(797, 508)","(268, 458)","(305, 417)","(363, 404)","(418, 413)","(472, 432)","(550, 427)","(604, 411)","(658, 405)","(712, 417)","(749, 458)","(513, 480)","(514, 528)","(515, 576)","(516, 626)","(454, 651)","(485, 660)","(515, 670)","(546, 660)","(576, 651)","(335, 493)","(367, 476)","(402, 477)","(434, 496)","(399, 501)","(365, 501)","(589, 496)","(621, 476)","(655, 475)","(687, 492)","(658, 500)","(624, 500)","(379, 732)","(425, 711)","(475, 703)","(515, 712)","(554, 704)","(603, 712)","(646, 732)","(604, 790)","(556, 818)","(514, 822)","(471, 817)","(422, 789)","(395, 738)","(475, 725)","(515, 730)","(554, 726)","(630, 738)","(555, 778)","(514, 784)","(472, 778)"
WM_8_-3.png,-1,"(232, 498)","(240, 567)","(253, 635)","(266, 705)","(282, 777)","(320, 839)","(375, 891)","(438, 930)","(513, 942)","(586, 934)","(649, 897)","(701, 845)","(739, 782)","(753, 710)","(765, 640)","(779, 569)","(787, 495)","(278, 449)","(314, 414)","(367, 402)","(419, 410)","(474, 425)","(549, 424)","(605, 407)","(659, 398)","(712, 413)","(747, 453)","(512, 472)","(512, 521)","(512, 569)","(512, 620)","(465, 657)","(488, 665)","(513, 672)","(537, 666)","(559, 658)","(338, 487)","(368, 466)","(406, 466)","(438, 489)","(402, 497)","(365, 498)","(583, 488)","(613, 466)","(651, 466)","(684, 486)","(654, 498)","(616, 496)","(411, 768)","(449, 746)","(484, 730)","(511, 739)","(536, 729)","(573, 745)","(613, 765)","(574, 784)","(540, 793)","(514, 795)","(485, 793)","(450, 784)","(429, 768)","(483, 756)","(511, 758)","(537, 756)","(595, 765)","(539, 758)","(513, 760)","(486, 757)"
WM_8_0.png,0,"(229, 506)","(237, 577)","(251, 647)","(263, 717)","(281, 787)","(320, 846)","(376, 895)","(439, 934)","(512, 945)","(586, 934)","(650, 898)","(703, 849)","(740, 789)","(756, 720)","(769, 649)","(783, 579)","(791, 505)","(271, 463)","(303, 420)","(358, 404)","(414, 408)","(471, 421)","(553, 419)","(609, 404)","(664, 400)","(717, 417)","(749, 461)","(513, 473)","(513, 524)","(513, 574)","(513, 627)","(459, 660)","(485, 668)","(512, 677)","(540, 669)","(566, 660)","(336, 492)","(367, 473)","(403, 472)","(435, 492)","(401, 498)","(366, 500)","(587, 491)","(620, 472)","(655, 472)","(685, 490)","(656, 498)","(621, 496)","(408, 757)","(445, 739)","(480, 730)","(510, 740)","(540, 730)","(577, 742)","(618, 758)","(578, 776)","(541, 786)","(511, 788)","(479, 785)","(445, 774)","(424, 758)","(478, 753)","(510, 757)","(540, 753)","(603, 758)","(541, 754)","(511, 758)","(479, 754)"
WM_8_3.png,1,"(230, 505)","(237, 576)","(249, 642)","(261, 711)","(282, 777)","(323, 835)","(376, 886)","(439, 931)","(514, 947)","(589, 934)","(651, 891)","(704, 839)","(744, 779)","(763, 712)","(775, 645)","(787, 578)","(795, 506)","(271, 470)","(301, 426)","(354, 406)","(410, 405)","(466, 418)","(555, 418)","(609, 403)","(664, 405)","(715, 424)","(747, 465)","(510, 475)","(510, 528)","(509, 581)","(509, 635)","(451, 656)","(480, 665)","(511, 677)","(541, 666)","(571, 656)","(338, 496)","(369, 479)","(402, 479)","(434, 496)","(401, 499)","(369, 500)","(588, 495)","(619, 477)","(652, 477)","(683, 493)","(653, 498)","(621, 498)","(381, 724)","(427, 711)","(475, 708)","(512, 716)","(551, 709)","(600, 713)","(650, 722)","(602, 773)","(553, 797)","(513, 802)","(473, 797)","(426, 771)","(398, 730)","(474, 727)","(512, 733)","(551, 728)","(632, 729)","(552, 766)","(513, 772)","(474, 766)"
WM_9_-3.png,-1,"(219, 480)","(225, 556)","(238, 632)","(251, 708)","(270, 783)","(312, 850)","(371, 905)","(438, 948)","(515, 960)","(590, 949)","(652, 905)","(705, 848)","(741, 781)","(759, 707)","(772, 632)","(785, 558)","(791, 483)","(273, 437)","(314, 408)","(368, 406)","(420, 419)","(472, 434)","(559, 435)","(609, 418)","(659, 408)","(710, 413)","(748, 442)","(514, 477)","(514, 528)","(515, 579)","(515, 632)","(465, 666)","(489, 674)","(515, 681)","(541, 675)","(564, 667)","(337, 482)","(369, 462)","(407, 463)","(438, 488)","(403, 496)","(366, 496)","(586, 488)","(618, 463)","(657, 463)","(687, 483)","(660, 498)","(622, 497)","(413, 768)","(450, 748)","(486, 735)","(514, 744)","(542, 735)","(577, 748)","(612, 769)","(579, 793)","(545, 805)","(514, 808)","(485, 805)","(450, 794)","(431, 771)","(485, 766)","(514, 769)","(543, 766)","(594, 770)","(543, 765)","(514, 768)","(486, 765)"
WM_9_0.png,0,"(216, 488)","(224, 564)","(237, 638)","(249, 713)","(269, 785)","(312, 850)","(371, 905)","(437, 950)","(516, 964)","(591, 950)","(653, 902)","(707, 847)","(746, 783)","(764, 710)","(777, 636)","(789, 561)","(795, 486)","(270, 451)","(307, 416)","(362, 407)","(416, 414)","(469, 432)","(559, 431)","(610, 414)","(662, 406)","(715, 415)","(750, 451)","(513, 478)","(515, 531)","(516, 584)","(518, 639)","(461, 667)","(488, 677)","(517, 687)","(546, 677)","(572, 665)","(336, 487)","(367, 467)","(404, 468)","(437, 492)","(401, 498)","(366, 498)","(588, 491)","(619, 468)","(655, 467)","(686, 486)","(658, 498)","(623, 497)","(401, 754)","(443, 741)","(483, 733)","(516, 742)","(548, 733)","(587, 741)","(629, 753)","(589, 787)","(550, 807)","(516, 811)","(482, 807)","(443, 788)","(420, 759)","(483, 764)","(516, 767)","(549, 764)","(611, 759)","(548, 767)","(516, 770)","(483, 766)"
WM_9_3.png,1,"(220, 491)","(228, 569)","(239, 644)","(251, 720)","(274, 791)","(318, 856)","(376, 911)","(444, 955)","(520, 967)","(593, 951)","(654, 905)","(707, 849)","(747, 786)","(769, 714)","(782, 641)","(792, 568)","(798, 492)","(275, 455)","(310, 418)","(362, 408)","(414, 413)","(464, 430)","(560, 428)","(609, 411)","(660, 407)","(710, 417)","(746, 451)","(512, 479)","(513, 532)","(515, 584)","(517, 639)","(455, 662)","(484, 672)","(516, 682)","(547, 671)","(577, 660)","(336, 491)","(368, 471)","(404, 473)","(437, 497)","(402, 500)","(366, 500)","(588, 496)","(620, 473)","(655, 471)","(687, 490)","(658, 499)","(623, 500)","(378, 734)","(427, 718)","(479, 714)","(517, 721)","(555, 713)","(604, 717)","(650, 732)","(607, 794)","(558, 825)","(517, 831)","(476, 825)","(424, 795)","(394, 740)","(478, 734)","(516, 738)","(555, 733)","(633, 739)","(557, 788)","(517, 794)","(477, 788)"
